year,coal,natural_gas,nuclear,hydro,wind,solar,wind_solar,other,total
1949,135.451,36.967,0.0,94.773,0.0,0.0,0.0,28.933,296.124
1950,154.52,44.559,0.0,100.885,0.0,0.0,0.0,34.124,334.088
1951,185.204,56.616,0.0,104.376,0.0,0.0,0.0,29.103,375.298
1952,195.437,68.453,0.0,109.708,0.0,0.0,0.0,30.231,403.829
1953,218.846,79.791,0.0,109.617,0.0,0.0,0.0,38.794,447.049
1954,239.146,93.688,0.0,111.64,0.0,0.0,0.0,31.784,476.258
1955,301.363,95.285,0.0,116.236,0.0,0.0,0.0,37.415,550.299
1956,338.503,104.037,0.0,125.237,0.0,0.0,0.0,36.098,603.876
1957,346.386,114.213,0.01,133.358,0.0,0.0,0.0,40.676,634.642
1958,344.366,119.759,0.165,143.615,0.0,0.0,0.0,40.547,648.451
1959,378.424,146.619,0.188,141.155,0.0,0.0,0.0,46.993,713.379
1960,403.067,157.97,0.518,149.44,0.0,0.0,0.0,48.16,759.156
1961,421.871,169.286,1.692,155.536,0.0,0.0,0.0,48.739,797.124
1962,450.249,184.301,2.27,172.016,0.0,0.0,0.0,49.108,857.944
1963,493.927,201.602,3.212,168.99,0.0,0.0,0.0,52.298,920.028
1964,526.23,220.038,3.343,180.302,0.0,0.0,0.0,57.306,987.218
1965,570.926,221.559,3.657,196.984,0.0,0.0,0.0,65.259,1058.386
1966,613.475,251.152,5.52,197.938,0.0,0.0,0.0,79.448,1147.532
1967,630.483,264.806,7.655,224.949,0.0,0.0,0.0,89.903,1217.796
1968,684.905,304.433,12.528,225.873,0.0,0.0,0.0,105.087,1332.826
1969,706.001,333.279,13.928,253.468,0.0,0.0,0.0,138.782,1445.458
1970,704.394,372.89,21.804,250.957,0.0,0.0,0.0,185.065,1535.111
1971,713.102,374.031,38.105,269.531,0.0,0.0,0.0,221.084,1615.854
1972,771.131,375.748,54.091,275.929,0.0,0.0,0.0,276.079,1752.978
1973,847.651,340.858,83.479,275.431,0.0,0.0,0.0,316.637,1864.057
1974,828.433,320.065,113.976,304.212,0.0,0.0,0.0,303.634,1870.319
1975,852.786,299.778,172.505,303.153,0.0,0.0,0.0,292.532,1920.755
1976,944.391,294.624,191.104,286.924,0.0,0.0,0.0,323.871,2040.914
1977,985.219,305.505,250.883,223.599,0.0,0.0,0.0,362.242,2127.447
1978,975.742,305.391,276.403,283.465,0.0,0.0,0.0,368.376,2209.377
1979,1075.037,329.485,255.155,283.076,0.0,0.0,0.0,307.912,2250.665
1980,1161.562,346.24,251.116,279.182,0.0,0.0,0.0,251.5,2289.6
1981,1203.203,345.777,272.674,263.845,0.0,0.0,0.0,212.475,2297.973
1982,1192.004,305.26,282.773,312.374,0.0,0.0,0.0,151.961,2244.372
1983,1259.424,274.098,293.677,335.291,0.003,0.0,0.003,150.952,2313.446
1984,1341.681,297.394,327.634,324.311,0.006,0.005,0.012,128.434,2419.465
1985,1402.128,291.946,383.691,284.311,0.006,0.011,0.016,110.91,2473.002
1986,1385.831,248.508,414.038,294.005,0.004,0.014,0.018,148.07,2490.471
1987,1463.781,272.621,455.27,252.856,0.004,0.01,0.014,130.745,2575.288
1988,1540.653,252.801,526.973,226.101,0.001,0.009,0.01,160.874,2707.411
1989,1583.779,352.629,529.355,271.977,2.112,0.251,2.363,227.044,2967.146
1990,1594.011,372.765,576.862,292.866,2.789,0.367,3.156,198.167,3037.827
1991,1590.623,381.553,612.565,288.994,2.951,0.472,3.423,196.641,3073.799
1992,1621.206,404.074,618.776,253.088,2.888,0.4,3.287,183.45,3083.882
1993,1690.07,414.927,610.291,280.494,3.006,0.462,3.468,197.941,3197.191
1994,1690.694,460.219,640.44,260.126,3.447,0.487,3.934,192.111,3247.522
1995,1709.426,496.058,673.402,310.833,3.164,0.497,3.661,160.107,3353.487
1996,1795.196,455.056,674.729,347.162,3.234,0.521,3.755,168.291,3444.188
1997,1845.016,479.399,628.644,356.453,3.288,0.511,3.799,178.861,3492.172
1998,1873.516,531.257,673.702,323.336,3.026,0.502,3.528,214.957,3620.295
1999,1881.087,556.396,728.254,319.536,4.488,0.495,4.983,204.553,3694.81
2000,1966.265,601.038,753.893,275.573,5.593,0.493,6.087,199.25,3802.105
2001,1903.956,639.129,768.826,216.961,6.737,0.543,7.28,200.491,3736.644
2002,1933.13,691.006,780.064,264.329,10.354,0.555,10.909,179.014,3858.452
2003,1973.737,649.908,763.733,275.806,11.187,0.534,11.721,208.28,3883.185
2004,1978.301,710.1,788.528,268.417,14.144,0.575,14.719,210.49,3970.555
2005,2012.873,760.96,781.986,270.321,17.811,0.55,18.361,210.921,4055.423
2006,1990.511,816.441,787.219,289.246,26.589,0.508,27.097,154.188,4064.702
2007,2016.456,896.59,806.425,247.51,34.45,0.612,35.062,154.703,4156.745
2008,1985.801,882.981,806.208,254.831,55.363,0.864,56.227,133.339,4119.388
2009,1755.904,920.979,798.855,273.445,73.886,0.891,74.777,126.371,3950.331
2010,1847.29,987.697,806.968,260.203,94.652,1.212,95.864,127.037,4125.06
2011,1733.43,1013.689,790.204,319.355,120.177,1.818,121.994,121.468,4100.141
2012,1514.043,1225.894,769.331,276.24,140.822,4.327,145.148,117.108,4047.765
2013,1581.115,1124.836,789.016,268.565,167.84,9.036,176.875,125.557,4065.964
2014,1581.71,1126.635,797.166,259.367,181.655,17.691,199.346,129.34,4093.564
2015,1352.398,1334.668,797.178,249.08,190.719,24.893,215.611,129.778,4078.714
2016,1239.149,1379.271,805.694,267.812,226.993,36.054,263.047,122.601,4077.574
2017,1205.835,1297.703,804.95,300.333,254.303,53.287,307.59,119.033,4035.443
2018,1149.487,1471.843,807.084,292.524,272.667,63.825,336.493,123.556,4180.988
2019,964.957,1588.533,809.409,287.874,295.882,71.937,367.819,111.982,4130.574
2020,773.393,1626.79,789.879,285.274,337.938,89.199,427.137,107.295,4009.767
2021,897.999,1579.19,779.645,251.585,378.197,115.258,493.455,107.826,4109.699
2022,831.512,1687.065,771.537,254.789,434.297,143.792,578.089,107.676,4230.668
2023,675.115,1806.063,774.873,245.002,421.141,165.53,586.672,95.545,4183.27
2024,652.156,1869.902,781.865,242.896,451.904,219.834,671.738,90.077,4308.634
2025,737.151,1807.338,784.781,247.023,464.391,295.671,760.062,93.147,4429.502
