year,Coal,Natural gas,Nuclear,Hydro,Wind,Solar
2005,2013,761,782,270,18,1
2006,1991,816,787,289,27,1
2007,2016,897,806,248,34,1
2008,1986,883,806,255,55,1
2009,1756,921,799,273,74,1
2010,1847,988,807,260,95,1
2011,1733,1014,790,319,120,2
2012,1514,1226,769,276,141,4
2013,1581,1125,789,269,168,9
2014,1582,1127,797,259,182,18
2015,1352,1335,797,249,191,25
2016,1239,1379,806,268,227,36
2017,1206,1298,805,300,254,53
2018,1149,1472,807,293,273,64
2019,965,1589,809,288,296,72
2020,773,1627,790,285,338,89
2021,898,1579,780,252,378,115
2022,832,1687,772,255,434,144
2023,675,1806,775,245,421,166
2024,652,1870,782,243,452,220
2025,737,1807,785,247,464,296
